<?xml version="1.0" encoding="UTF-8"?>
<project-private xmlns="http://www.netbeans.org/ns/project-private/1">
    <editor-bookmarks xmlns="http://www.netbeans.org/ns/editor-bookmarks/2" lastBookmarkId="0"/>
    <open-files xmlns="http://www.netbeans.org/ns/projectui-open-files/2">
        <group>
            <file>file:/C:/Users/dlcaj/OneDrive/Escritorio/tarea%20final%20apo/editable%20completado1/completado1-main/interfaz/src/Controlador/ControladorLogin.java</file>
            <file>file:/C:/Users/dlcaj/OneDrive/Escritorio/tarea%20final%20apo/editable%20completado1/completado1-main/interfaz/src/interfaz1/main.java</file>
            <file>file:/C:/Users/dlcaj/OneDrive/Escritorio/tarea%20final%20apo/editable%20completado1/completado1-main/interfaz/src/DAO/DAOLogin.java</file>
        </group>
    </open-files>
</project-private>
